"id";"companyId";"employeeName";"gender";"email"
"1";"26";"Barbabas Geering";"Male";"bgeering0@mitsubishi.com"
"2";"14";"Nicolette Rentoll";"Female";"nrentoll1@glencore.com"
"3";"31";"Pancho Josephsen";"Male";"pjosephsen2@saicmotor.com"
"4";"21";"Sophey Rodbourne";"Female";"srodbourne3@atnt.com"
"5";"28";"Vinni Georgi";"Female";"vgeorgi4@costco.com"
"6";"21";"Diego Somerled";"Male";"dsomerled5@atnt.com"
"7";"34";"Barbee Prinett";"Female";"bprinett6@verizon.com"
"8";"16";"Zsa zsa Claus";"Female";"zzsa7@daimler.com"
"9";"13";"Oswell Rogerot";"Male";"orogerot8@samsungelectronics.com"
"10";"16";"Donaugh Bogie";"Male";"dbogie9@daimler.com"
"11";"32";"Janice Manssuer";"Female";"jmanssuera@jpmorganchase.com"
"12";"31";"Mortie Gooddy";"Male";"mgooddyb@saicmotor.com"
"13";"11";"Hendrik Martel";"Male";"hmartelc@amazon.com"
"14";"3";"Adolf Lorentz";"Male";"alorentzd@royaldutchshell.com"
"15";"7";"Sargent Chisholme";"Male";"schisholmee@volkswagen.com"
"16";"17";"Pietro Wilfing";"Male";"pwilfingf@cvshealth.com"
"17";"25";"Agustin Bransby";"Male";"abransbyg@generalmotors.com"
"18";"17";"Egbert Siviter";"Male";"esiviterh@cvshealth.com"
"19";"9";"Melisent Borley";"Female";"mborleyi@apple.com"
"20";"12";"Park Dewer";"Male";"pdewerj@unitedhealth.com"
"21";"8";"Lee Kardos";"Male";"lkardosk@toyota.com"
"22";"4";"Sanderson Melmoth";"Male";"smelmothl@stategrid.com"
"23";"37";"Mariele Pankettman";"Female";"mpankettmanm@kroger.com"
"24";"13";"Augusta Mackett";"Female";"amackettn@samsungelectronics.com"
"25";"39";"Vivien Brownhall";"Female";"vbrownhallo@fanniemae.com"
"26";"26";"Hobard Cawsy";"Male";"hcawsyp@mitsubishi.com"
"27";"37";"Jazmin Stoll";"Female";"jstollq@kroger.com"
"28";"35";"Beth Bouldon";"Female";"bbouldonr@allianz.com"
"29";"5";"Georgie Jupe";"Female";"gjupes@saudiaramco.com"
"30";"12";"Beitris Nares";"Female";"bnarest@unitedhealth.com"
"31";"40";"Aubert Ellsom";"Male";"aellsomu@lukoil.com"
"32";"27";"Nike Addlestone";"Female";"naddlestonev@honda.com"
"33";"2";"Burlie Leacy";"Male";"bleacyw@sinopecgroup.com"
"34";"25";"Elissa Abbots";"Female";"eabbotsx@generalmotors.com"
"35";"29";"Fanechka Dauncey";"Female";"fdaunceyy@alphabet.com"
"36";"34";"Veronika Harvard";"Female";"vharvardz@verizon.com"
"37";"25";"Darla Carmo";"Female";"dcarmo10@generalmotors.com"
"38";"37";"Kelila Mathelin";"Female";"kmathelin11@kroger.com"
"39";"36";"Freida Wyburn";"Female";"fwyburn12@axa.com"
"40";"38";"Morly Cutmare";"Male";"mcutmare13@generalelectric.com"
"41";"22";"Rana Ellerton";"Female";"rellerton14@icbc.com"
"42";"11";"Pietrek Ingray";"Male";"pingray15@amazon.com"
"43";"24";"Ebba Campbell";"Female";"ecampbell16@ford.com"
"44";"23";"Sheppard Gaddas";"Male";"sgaddas17@chevron.com"
"45";"16";"Otho Ellwell";"Male";"oellwell18@daimler.com"
"46";"15";"Kylie Mirfield";"Male";"kmirfield19@mckesson.com"
"47";"36";"Tomkin Dickman";"Male";"tdickman1a@axa.com"
"48";"7";"Antonina Schuck";"Female";"aschuck1b@volkswagen.com"
"49";"16";"Aylmer Di Francesco";"Male";"adi1c@daimler.com"
"50";"6";"Catlin Tinker";"Female";"ctinker1d@exxonmobil.com"
"51";"1";"Barthel Skeels";"Male";"bskeels1e@walmart.com"
"52";"34";"Christel Barczewski";"Female";"cbarczewski1f@verizon.com"
"53";"32";"Bary Portingale";"Male";"bportingale1g@jpmorganchase.com"
"54";"40";"Sib Weson";"Female";"sweson1h@lukoil.com"
"55";"15";"Stevena Nekrews";"Female";"snekrews1i@mckesson.com"
"56";"23";"Lilli Tithecote";"Female";"ltithecote1j@chevron.com"
"57";"37";"Steffane Dudlestone";"Female";"sdudlestone1k@kroger.com"
"58";"33";"Nev Dews";"Male";"ndews1l@gazprom.com"
"59";"4";"Susette Goalley";"Female";"sgoalley1m@stategrid.com"
"60";"7";"Keane Phelipeaux";"Male";"kphelipeaux1n@volkswagen.com"
"61";"29";"Joelle Brierley";"Female";"jbrierley1o@alphabet.com"
"62";"4";"Granny Mahomet";"Male";"gmahomet1p@stategrid.com"
"63";"7";"Crysta Jeannequin";"Female";"cjeannequin1q@volkswagen.com"
"64";"13";"Reynard Snugg";"Male";"rsnugg1r@samsungelectronics.com"
"65";"36";"Nessy Drewett";"Female";"ndrewett1s@axa.com"
"66";"27";"Sylvia Bradnock";"Female";"sbradnock1t@honda.com"
"67";"12";"Hubey Rouby";"Male";"hrouby1u@unitedhealth.com"
"68";"6";"Rodd Martlew";"Male";"rmartlew1v@exxonmobil.com"
"69";"17";"Pasquale Haine";"Male";"phaine1w@cvshealth.com"
"70";"38";"Flori Simenel";"Female";"fsimenel1x@generalelectric.com"
"71";"35";"Charline Thredder";"Female";"cthredder1y@allianz.com"
"72";"40";"Nathanael Ikins";"Male";"nikins1z@lukoil.com"
"73";"25";"Colby Cloney";"Male";"ccloney20@generalmotors.com"
"74";"31";"Carney Adolfson";"Male";"cadolfson21@saicmotor.com"
"75";"39";"Elliot Botha";"Male";"ebotha22@fanniemae.com"
"76";"18";"Aloysia Guild";"Female";"aguild23@trafigura.com"
"77";"17";"Leonerd Willden";"Male";"lwillden24@cvshealth.com"
"78";"36";"Ivy Nellis";"Female";"inellis25@axa.com"
"79";"15";"Franny Cutress";"Male";"fcutress26@mckesson.com"
"80";"35";"Erma McBoyle";"Female";"emcboyle27@allianz.com"
"81";"33";"Sawyer Spridgen";"Male";"sspridgen28@gazprom.com"
"82";"25";"Vida McGilvray";"Female";"vmcgilvray29@generalmotors.com"
"83";"32";"Carmelia Bladen";"Female";"cbladen2a@jpmorganchase.com"
"84";"22";"Royal Pedley";"Male";"rpedley2b@icbc.com"
"85";"17";"Barry Fitzsymon";"Male";"bfitzsymon2c@cvshealth.com"
"86";"27";"Hulda Viggers";"Female";"hviggers2d@honda.com"
"87";"28";"Marten Royle";"Male";"mroyle2e@costco.com"
"88";"40";"Kermit Thexton";"Male";"kthexton2f@lukoil.com"
"89";"33";"Lamont Stitcher";"Male";"lstitcher2g@gazprom.com"
"90";"15";"Danie Blazejewski";"Male";"dblazejewski2h@mckesson.com"
"91";"37";"Vincents Simoneau";"Male";"vsimoneau2i@kroger.com"
"92";"10";"Berna Gennerich";"Female";"bgennerich2j@berkshirehathaway.com"
"93";"27";"Rosemonde Wheeliker";"Female";"rwheeliker2k@honda.com"
"94";"38";"Wilone Padillo";"Female";"wpadillo2l@generalelectric.com"
"95";"1";"Sylvan Tregea";"Male";"stregea2m@walmart.com"
"96";"36";"Everett Lakey";"Male";"elakey2n@axa.com"
"97";"4";"Jaynell Rogeron";"Female";"jrogeron2o@stategrid.com"
"98";"1";"Dru Meysham";"Female";"dmeysham2p@walmart.com"
"99";"25";"Lian Fancy";"Female";"lfancy2q@generalmotors.com"
"100";"17";"Murdoch Taffee";"Male";"mtaffee2r@cvshealth.com"
"101";"3";"Shawn McKerley";"Male";"smckerley2s@royaldutchshell.com"
"102";"27";"Cassi Lithgow";"Female";"clithgow2t@honda.com"
"103";"23";"Romeo Tomney";"Male";"rtomney2u@chevron.com"
"104";"29";"Junette Culleford";"Female";"jculleford2v@alphabet.com"
"105";"33";"Marnie Brumen";"Female";"mbrumen2w@gazprom.com"
"106";"8";"Max Meugens";"Male";"mmeugens2x@toyota.com"
"107";"26";"Maxine Guare";"Female";"mguare2y@mitsubishi.com"
"108";"9";"Pammi Rosebotham";"Female";"prosebotham2z@apple.com"
"109";"24";"Lion Strut";"Male";"lstrut30@ford.com"
"110";"39";"Gannon Franke";"Male";"gfranke31@fanniemae.com"
"111";"37";"Honey Lebbern";"Female";"hlebbern32@kroger.com"
"112";"12";"Sibylla Haspineall";"Female";"shaspineall33@unitedhealth.com"
"113";"35";"Ford Tancock";"Male";"ftancock34@allianz.com"
"114";"9";"Aloysia Stroband";"Female";"astroband35@apple.com"
"115";"24";"Marrissa Hunnybun";"Female";"mhunnybun36@ford.com"
"116";"35";"Fredek Stockwell";"Male";"fstockwell37@allianz.com"
"117";"36";"Emelita Besemer";"Female";"ebesemer38@axa.com"
"118";"12";"Wilmer Barwack";"Male";"wbarwack39@unitedhealth.com"
"119";"22";"Hamlin Navein";"Male";"hnavein3a@icbc.com"
"120";"12";"Karim Febre";"Male";"kfebre3b@unitedhealth.com"
"121";"7";"Althea Veld";"Female";"aveld3c@volkswagen.com"
"122";"13";"Florina Norcock";"Female";"fnorcock3d@samsungelectronics.com"
"123";"34";"Hershel Stovell";"Male";"hstovell3e@verizon.com"
"124";"15";"Elysia Houldey";"Female";"ehouldey3f@mckesson.com"
"125";"7";"Mary Dowsett";"Female";"mdowsett3g@volkswagen.com"
"126";"36";"Dix Divine";"Female";"ddivine3h@axa.com"
"127";"31";"Leesa Langton";"Female";"llangton3i@saicmotor.com"
"128";"40";"Hart Lazar";"Male";"hlazar3j@lukoil.com"
"129";"7";"Jodi Haseley";"Female";"jhaseley3k@volkswagen.com"
"130";"19";"Grazia Olyfant";"Female";"golyfant3l@foxconn.com"
"131";"5";"Joby Taks";"Female";"jtaks3m@saudiaramco.com"
"132";"39";"Ellwood Okie";"Male";"eokie3n@fanniemae.com"
"133";"4";"Osborn Troppmann";"Male";"otroppmann3o@stategrid.com"
"134";"39";"Jerald Braker";"Male";"jbraker3p@fanniemae.com"
"135";"38";"Cathi Silbersak";"Female";"csilbersak3q@generalelectric.com"
"136";"24";"Torin Tripett";"Male";"ttripett3r@ford.com"
"137";"29";"Elie Fownes";"Female";"efownes3s@alphabet.com"
"138";"10";"Beale Wraith";"Male";"bwraith3t@berkshirehathaway.com"
"139";"9";"Lance Grimoldby";"Male";"lgrimoldby3u@apple.com"
"140";"28";"Jarid Tape";"Male";"jtape3v@costco.com"
"141";"19";"Thurstan Groundwater";"Male";"tgroundwater3w@foxconn.com"
"142";"33";"Maye Girardini";"Female";"mgirardini3x@gazprom.com"
"143";"32";"Isidor Matterson";"Male";"imatterson3y@jpmorganchase.com"
"144";"20";"Lombard Fronsek";"Male";"lfronsek3z@exor.com"
"145";"37";"Liesa Godfrey";"Female";"lgodfrey40@kroger.com"
"146";"28";"Kaspar Otson";"Male";"kotson41@costco.com"
"147";"21";"Ikey Klausen";"Male";"iklausen42@atnt.com"
"148";"21";"Bayard Skuse";"Male";"bskuse43@atnt.com"
"149";"40";"Lee Fold";"Female";"lfold44@lukoil.com"
"150";"36";"Delila Eadmead";"Female";"deadmead45@axa.com"
"151";"10";"Brandtr Knowling";"Male";"bknowling46@berkshirehathaway.com"
"152";"16";"Pip Kingscott";"Male";"pkingscott47@daimler.com"
"153";"1";"Curry Reinmar";"Male";"creinmar48@walmart.com"
"154";"31";"Dredi Leathem";"Female";"dleathem49@saicmotor.com"
"155";"1";"Shaina Windley";"Female";"swindley4a@walmart.com"
"156";"18";"Daniel Le Franc";"Male";"dle4b@trafigura.com"
"157";"9";"Hillyer Cafferky";"Male";"hcafferky4c@apple.com"
"158";"32";"Wilhelmine Doumerque";"Female";"wdoumerque4d@jpmorganchase.com"
"159";"9";"Roby Di Batista";"Female";"rdi4e@apple.com"
"160";"12";"Izabel Rowly";"Female";"irowly4f@unitedhealth.com"
"161";"32";"Peggi Goodwell";"Female";"pgoodwell4g@jpmorganchase.com"
"162";"33";"Witty Feldberger";"Male";"wfeldberger4h@gazprom.com"
"163";"34";"Stacia Paragreen";"Female";"sparagreen4i@verizon.com"
"164";"6";"Hermon Broose";"Male";"hbroose4j@exxonmobil.com"
"165";"15";"Kippie Rediers";"Male";"krediers4k@mckesson.com"
"166";"25";"Saunderson Letessier";"Male";"sletessier4l@generalmotors.com"
"167";"21";"Rikki Whitefoot";"Male";"rwhitefoot4m@atnt.com"
"168";"25";"Sayres Mealham";"Male";"smealham4n@generalmotors.com"
"169";"3";"Chicky Garlee";"Male";"cgarlee4o@royaldutchshell.com"
"170";"15";"Rustin Moncey";"Male";"rmoncey4p@mckesson.com"
"171";"23";"Roddy Pirkis";"Male";"rpirkis4q@chevron.com"
"172";"27";"Jodi Humpage";"Female";"jhumpage4r@honda.com"
"173";"37";"Malinda Menier";"Female";"mmenier4s@kroger.com"
"174";"37";"Antonino Malia";"Male";"amalia4t@kroger.com"
"175";"33";"Kassie Hostan";"Female";"khostan4u@gazprom.com"
"176";"13";"Donavon Hesey";"Male";"dhesey4v@samsungelectronics.com"
"177";"20";"Berty Benam";"Male";"bbenam4w@exor.com"
"178";"4";"Erda Wardingly";"Female";"ewardingly4x@stategrid.com"
"179";"29";"Mohandis Cork";"Male";"mcork4y@alphabet.com"
"180";"20";"Clerissa Yvens";"Female";"cyvens4z@exor.com"
"181";"7";"Kelley Dimitrov";"Male";"kdimitrov50@volkswagen.com"
"182";"8";"Kaia Huzzay";"Female";"khuzzay51@toyota.com"
"183";"6";"Heddie Maffeo";"Female";"hmaffeo52@exxonmobil.com"
"184";"10";"Derek Briddle";"Male";"dbriddle53@berkshirehathaway.com"
"185";"5";"Lenette Formoy";"Female";"lformoy54@saudiaramco.com"
"186";"3";"Dannye Veracruysse";"Female";"dveracruysse55@royaldutchshell.com"
"187";"37";"Whittaker Sargint";"Male";"wsargint56@kroger.com"
"188";"9";"Dorolice Treble";"Female";"dtreble57@apple.com"
"189";"39";"Desiree Abate";"Female";"dabate58@fanniemae.com"
"190";"4";"Garnette Weatherhill";"Female";"gweatherhill59@stategrid.com"
"191";"39";"Orsa Kruschev";"Female";"okruschev5a@fanniemae.com"
"192";"17";"Torie Barten";"Female";"tbarten5b@cvshealth.com"
"193";"26";"Pavlov Tregenna";"Male";"ptregenna5c@mitsubishi.com"
"194";"24";"Romeo Grimolbie";"Male";"rgrimolbie5d@ford.com"
"195";"4";"Glynda Swayton";"Female";"gswayton5e@stategrid.com"
"196";"22";"Florida Redmain";"Female";"fredmain5f@icbc.com"
"197";"23";"Berkeley Purviss";"Male";"bpurviss5g@chevron.com"
"198";"26";"Farrah Matussow";"Female";"fmatussow5h@mitsubishi.com"
"199";"6";"Cherise Grimsdyke";"Female";"cgrimsdyke5i@exxonmobil.com"
"200";"11";"Lemmie Logesdale";"Male";"llogesdale5j@amazon.com"
"201";"8";"Joshua Shortan";"Male";"jshortan5k@toyota.com"
"202";"33";"Jeanna Oneil";"Female";"joneil5l@gazprom.com"
"203";"27";"Athena Cranidge";"Female";"acranidge5m@honda.com"
"204";"4";"Cyb Peplay";"Female";"cpeplay5n@stategrid.com"
"205";"36";"Silvan Aimson";"Male";"saimson5o@axa.com"
"206";"28";"Vilma Orris";"Female";"vorris5p@costco.com"
"207";"32";"Wilmar Belderfield";"Male";"wbelderfield5q@jpmorganchase.com"
"208";"20";"Giovanni Durman";"Male";"gdurman5r@exor.com"
"209";"2";"Sansone Andrzejczak";"Male";"sandrzejczak5s@sinopecgroup.com"
"210";"38";"Genevieve Stiegar";"Female";"gstiegar5t@generalelectric.com"
"211";"22";"King Slogrove";"Male";"kslogrove5u@icbc.com"
"212";"20";"Eduard Byrom";"Male";"ebyrom5v@exor.com"
"213";"21";"Nial Saleway";"Male";"nsaleway5w@atnt.com"
"214";"12";"Pryce Fidian";"Male";"pfidian5x@unitedhealth.com"
"215";"30";"Cathe Larenson";"Female";"clarenson5y@cardinalhealth.com"
"216";"5";"Kendra Benez";"Female";"kbenez5z@saudiaramco.com"
"217";"2";"Julee Goodrick";"Female";"jgoodrick60@sinopecgroup.com"
"218";"30";"Ethan Elliott";"Male";"eelliott61@cardinalhealth.com"
"219";"17";"Shanon Mollindinia";"Female";"smollindinia62@cvshealth.com"
"220";"3";"Marijn Orr";"Male";"morr63@royaldutchshell.com"
"221";"15";"Carolus Ramalhete";"Male";"cramalhete64@mckesson.com"
"222";"25";"Leonidas Samweyes";"Male";"lsamweyes65@generalmotors.com"
"223";"6";"Kaleb Dowdall";"Male";"kdowdall66@exxonmobil.com"
"224";"39";"Glendon Keward";"Male";"gkeward67@fanniemae.com"
"225";"4";"Junie Brymner";"Female";"jbrymner68@stategrid.com"
"226";"17";"Hallsy Grier";"Male";"hgrier69@cvshealth.com"
"227";"26";"Harcourt Elsey";"Male";"helsey6a@mitsubishi.com"
"228";"15";"Kitti Fanton";"Female";"kfanton6b@mckesson.com"
"229";"10";"Sky Carvill";"Male";"scarvill6c@berkshirehathaway.com"
"230";"9";"Lind Dakhov";"Female";"ldakhov6d@apple.com"
"231";"15";"Fredric Gyves";"Male";"fgyves6e@mckesson.com"
"232";"15";"Domingo Kermath";"Male";"dkermath6f@mckesson.com"
"233";"17";"Marty Sansum";"Female";"msansum6g@cvshealth.com"
"234";"17";"Jerome Sharman";"Male";"jsharman6h@cvshealth.com"
"235";"6";"Brig Ordelt";"Male";"bordelt6i@exxonmobil.com"
"236";"21";"Darda Brammall";"Female";"dbrammall6j@atnt.com"
"237";"1";"Anallese Kobpal";"Female";"akobpal6k@walmart.com"
"238";"31";"Conway Brader";"Male";"cbrader6l@saicmotor.com"
"239";"4";"Arlinda Grombridge";"Female";"agrombridge6m@stategrid.com"
"240";"6";"Saw Proger";"Male";"sproger6n@exxonmobil.com"
"241";"25";"Renee Lempke";"Female";"rlempke6o@generalmotors.com"
"242";"24";"Julian Babber";"Male";"jbabber6p@ford.com"
"243";"35";"Brewer Loughton";"Male";"bloughton6q@allianz.com"
"244";"19";"Tedie Macilhench";"Male";"tmacilhench6r@foxconn.com"
"245";"37";"Molly Gallichiccio";"Female";"mgallichiccio6s@kroger.com"
"246";"23";"Francisca Gaskoin";"Female";"fgaskoin6t@chevron.com"
"247";"36";"Gwendolen Honeyghan";"Female";"ghoneyghan6u@axa.com"
"248";"33";"Nariko Gilliatt";"Female";"ngilliatt6v@gazprom.com"
"249";"25";"Lucas Mailey";"Male";"lmailey6w@generalmotors.com"
"250";"12";"Olly Berget";"Male";"oberget6x@unitedhealth.com"
"251";"18";"Curry Goldhawk";"Male";"cgoldhawk6y@trafigura.com"
"252";"8";"Jerrine Denning";"Female";"jdenning6z@toyota.com"
"253";"10";"Maje Mongeot";"Male";"mmongeot70@berkshirehathaway.com"
"254";"1";"Clay Imlock";"Male";"cimlock71@walmart.com"
"255";"10";"Claribel Mawhinney";"Female";"cmawhinney72@berkshirehathaway.com"
"256";"28";"Sandy MacCallister";"Male";"smaccallister73@costco.com"
"257";"13";"Livvyy Cockayme";"Female";"lcockayme74@samsungelectronics.com"
"258";"21";"Hinze Varah";"Male";"hvarah75@atnt.com"
"259";"24";"Matthaeus Norgate";"Male";"mnorgate76@ford.com"
"260";"32";"Renae Clowsley";"Female";"rclowsley77@jpmorganchase.com"
"261";"20";"Toma Balloch";"Female";"tballoch78@exor.com"
"262";"4";"Klarika Sweedland";"Female";"ksweedland79@stategrid.com"
"263";"20";"Ferrell Smalls";"Male";"fsmalls7a@exor.com"
"264";"2";"Helenka Scartifield";"Female";"hscartifield7b@sinopecgroup.com"
"265";"16";"Britney Ygoe";"Female";"bygoe7c@daimler.com"
"266";"5";"Hilda Cuncliffe";"Female";"hcuncliffe7d@saudiaramco.com"
"267";"21";"Sarette Fryer";"Female";"sfryer7e@atnt.com"
"268";"13";"Neilla Manketell";"Female";"nmanketell7f@samsungelectronics.com"
"269";"27";"Blondell Kirvell";"Female";"bkirvell7g@honda.com"
"270";"17";"Julio Wynne";"Male";"jwynne7h@cvshealth.com"
"271";"39";"Hatti Linzey";"Female";"hlinzey7i@fanniemae.com"
"272";"30";"Hugibert Twizell";"Male";"htwizell7j@cardinalhealth.com"
"273";"12";"Matilda Vickors";"Female";"mvickors7k@unitedhealth.com"
"274";"14";"Gerda Dewick";"Female";"gdewick7l@glencore.com"
"275";"32";"Rhody Bartkowiak";"Female";"rbartkowiak7m@jpmorganchase.com"
"276";"31";"Charlene Maddaford";"Female";"cmaddaford7n@saicmotor.com"
"277";"8";"Edeline Hiers";"Female";"ehiers7o@toyota.com"
"278";"35";"Allyn Pheasant";"Male";"apheasant7p@allianz.com"
"279";"24";"Del Claque";"Female";"dclaque7q@ford.com"
"280";"8";"Dominic Vickar";"Male";"dvickar7r@toyota.com"
"281";"21";"Merissa McGahy";"Female";"mmcgahy7s@atnt.com"
"282";"5";"Giulia Creus";"Female";"gcreus7t@saudiaramco.com"
"283";"11";"Avery Forlong";"Male";"aforlong7u@amazon.com"
"284";"7";"Raviv Dyball";"Male";"rdyball7v@volkswagen.com"
"285";"30";"Lyn MacFadyen";"Female";"lmacfadyen7w@cardinalhealth.com"
"286";"30";"Ricki Connow";"Male";"rconnow7x@cardinalhealth.com"
"287";"15";"Morey Gaudin";"Male";"mgaudin7y@mckesson.com"
"288";"27";"Percy Cordier";"Male";"pcordier7z@honda.com"
"289";"14";"Karla Kew";"Female";"kkew80@glencore.com"
"290";"23";"Calvin Rhymes";"Male";"crhymes81@chevron.com"
"291";"1";"Collette Cheng";"Female";"ccheng82@walmart.com"
"292";"32";"Ilysa Leming";"Female";"ileming83@jpmorganchase.com"
"293";"5";"Estevan Pareman";"Male";"epareman84@saudiaramco.com"
"294";"18";"Cos Hutcheson";"Male";"chutcheson85@trafigura.com"
"295";"5";"Amargo Couvert";"Female";"acouvert86@saudiaramco.com"
"296";"28";"Gilbertine Menghi";"Female";"gmenghi87@costco.com"
"297";"25";"Virgilio Cruwys";"Male";"vcruwys88@generalmotors.com"
"298";"1";"Dalt Swayte";"Male";"dswayte89@walmart.com"
"299";"36";"Gabriele Price";"Male";"gprice8a@axa.com"
"300";"35";"Leigh Marlowe";"Male";"lmarlowe8b@allianz.com"
"301";"20";"Ewan Fright";"Male";"efright8c@exor.com"
"302";"1";"Angelita Comer";"Female";"acomer8d@walmart.com"
"303";"27";"Agustin Spaule";"Male";"aspaule8e@honda.com"
"304";"4";"Conney Cotterell";"Male";"ccotterell8f@stategrid.com"
"305";"34";"Demetris Martynikhin";"Female";"dmartynikhin8g@verizon.com"
"306";"13";"Philippine Knight";"Female";"pknight8h@samsungelectronics.com"
"307";"26";"Ives Alesbrook";"Male";"ialesbrook8i@mitsubishi.com"
"308";"21";"Myles Gile";"Male";"mgile8j@atnt.com"
"309";"7";"Sharyl Legerton";"Female";"slegerton8k@volkswagen.com"
"310";"19";"Emiline Cotherill";"Female";"ecotherill8l@foxconn.com"
"311";"18";"Dianna Snaden";"Female";"dsnaden8m@trafigura.com"
"312";"8";"Annalise Uridge";"Female";"auridge8n@toyota.com"
"313";"18";"Chandra Maceur";"Female";"cmaceur8o@trafigura.com"
"314";"40";"Clement Pavkovic";"Male";"cpavkovic8p@lukoil.com"
"315";"7";"Tades Bamb";"Male";"tbamb8q@volkswagen.com"
"316";"18";"Kipp Scogings";"Male";"kscogings8r@trafigura.com"
"317";"2";"Bowie Penner";"Male";"bpenner8s@sinopecgroup.com"
"318";"40";"Evangelina Giacopini";"Female";"egiacopini8t@lukoil.com"
"319";"28";"Emmie Spilsburie";"Female";"espilsburie8u@costco.com"
"320";"34";"Pattie Lister";"Male";"plister8v@verizon.com"
"321";"12";"Rhody Morales";"Female";"rmorales8w@unitedhealth.com"
"322";"8";"Scotti Mart";"Male";"smart8x@toyota.com"
"323";"11";"Silas Stocky";"Male";"sstocky8y@amazon.com"
"324";"31";"Levi MacMenemy";"Male";"lmacmenemy8z@saicmotor.com"
"325";"34";"Jacklyn Riddell";"Female";"jriddell90@verizon.com"
"326";"17";"Nessa Hugland";"Female";"nhugland91@cvshealth.com"
"327";"33";"Lorinda D'Avaux";"Female";"ldavaux92@gazprom.com"
"328";"16";"Korey Dering";"Male";"kdering93@daimler.com"
"329";"5";"Oralie Spary";"Female";"ospary94@saudiaramco.com"
"330";"19";"Jewell Halbard";"Female";"jhalbard95@foxconn.com"
"331";"22";"Perl Baitman";"Female";"pbaitman96@icbc.com"
"332";"4";"Waylan Midgely";"Male";"wmidgely97@stategrid.com"
"333";"27";"Patrizio Stitfall";"Male";"pstitfall98@honda.com"
"334";"36";"Horacio Havelin";"Male";"hhavelin99@axa.com"
"335";"38";"Gabie Ocklin";"Male";"gocklin9a@generalelectric.com"
"336";"12";"Archaimbaud Stibbs";"Male";"astibbs9b@unitedhealth.com"
"337";"30";"Antonius Joist";"Male";"ajoist9c@cardinalhealth.com"
"338";"18";"Sergei Paige";"Male";"spaige9d@trafigura.com"
"339";"33";"Emelen Hallahan";"Male";"ehallahan9e@gazprom.com"
"340";"13";"Nicky Wellum";"Male";"nwellum9f@samsungelectronics.com"
"341";"8";"Pail Sydall";"Male";"psydall9g@toyota.com"
"342";"39";"Tully Borrington";"Male";"tborrington9h@fanniemae.com"
"343";"16";"Major Wheelan";"Male";"mwheelan9i@daimler.com"
"344";"27";"Mable Jouanot";"Female";"mjouanot9j@honda.com"
"345";"14";"Yurik Jasper";"Male";"yjasper9k@glencore.com"
"346";"4";"Cindy Guichard";"Female";"cguichard9l@stategrid.com"
"347";"30";"Yulma Saice";"Male";"ysaice9m@cardinalhealth.com"
"348";"30";"Violet Limrick";"Female";"vlimrick9n@cardinalhealth.com"
"349";"1";"Myer Decaze";"Male";"mdecaze9o@walmart.com"
"350";"5";"Ansell Janos";"Male";"ajanos9p@saudiaramco.com"
"351";"24";"Barris Abrahmovici";"Male";"babrahmovici9q@ford.com"
"352";"25";"Fleur Degnen";"Female";"fdegnen9r@generalmotors.com"
"353";"4";"Gan Morrow";"Male";"gmorrow9s@stategrid.com"
"354";"7";"Felipa Duferie";"Female";"fduferie9t@volkswagen.com"
"355";"24";"Oran Gino";"Male";"ogino9u@ford.com"
"356";"31";"Garik Feakins";"Male";"gfeakins9v@saicmotor.com"
"357";"24";"Roshelle Moisey";"Female";"rmoisey9w@ford.com"
"358";"14";"Jammal Worman";"Male";"jworman9x@glencore.com"
"359";"32";"Ruggiero Leavey";"Male";"rleavey9y@jpmorganchase.com"
"360";"24";"Giorgio Labuschagne";"Male";"glabuschagne9z@ford.com"
"361";"20";"Cary Spanton";"Male";"cspantona0@exor.com"
"362";"25";"Koralle Blankau";"Female";"kblankaua1@generalmotors.com"
"363";"39";"Tore Pordall";"Male";"tpordalla2@fanniemae.com"
"364";"33";"Sherlocke Goodison";"Male";"sgoodisona3@gazprom.com"
"365";"30";"Dacie Ellar";"Female";"dellara4@cardinalhealth.com"
"366";"28";"Lewie Hemmingway";"Male";"lhemmingwaya5@costco.com"
"367";"33";"Yorker Endle";"Male";"yendlea6@gazprom.com"
"368";"13";"Aurea Escot";"Female";"aescota7@samsungelectronics.com"
"369";"28";"Clayton Stalley";"Male";"cstalleya8@costco.com"
"370";"27";"Jamie Petre";"Female";"jpetrea9@honda.com"
"371";"7";"Syman Lacer";"Male";"slaceraa@volkswagen.com"
"372";"17";"Diandra McOnie";"Female";"dmconieab@cvshealth.com"
"373";"2";"Stepha Blincko";"Female";"sblinckoac@sinopecgroup.com"
"374";"26";"Dmitri Younge";"Male";"dyoungead@mitsubishi.com"
"375";"12";"Renae Puddefoot";"Female";"rpuddefootae@unitedhealth.com"
"376";"12";"Elspeth Klimentyonok";"Female";"eklimentyonokaf@unitedhealth.com"
"377";"5";"Saidee Harlett";"Female";"sharlettag@saudiaramco.com"
"378";"11";"Oren Dobie";"Male";"odobieah@amazon.com"
"379";"36";"Bradney Drew";"Male";"bdrewai@axa.com"
"380";"39";"Brittan Askham";"Female";"baskhamaj@fanniemae.com"
"381";"28";"Jephthah Chilton";"Male";"jchiltonak@costco.com"
"382";"27";"Banky Hegge";"Male";"bheggeal@honda.com"
"383";"35";"Muire Scading";"Female";"mscadingam@allianz.com"
"384";"25";"Ben Inskipp";"Male";"binskippan@generalmotors.com"
"385";"33";"Corbet McTerrelly";"Male";"cmcterrellyao@gazprom.com"
"386";"10";"Nerita De Ruggero";"Female";"ndeap@berkshirehathaway.com"
"387";"10";"Merrili Cuxson";"Female";"mcuxsonaq@berkshirehathaway.com"
"388";"16";"Madeleine Predohl";"Female";"mpredohlar@daimler.com"
"389";"17";"Abdel Earpe";"Male";"aearpeas@cvshealth.com"
"390";"9";"Helenelizabeth Sancias";"Female";"hsanciasat@apple.com"
"391";"24";"Violette Wilce";"Female";"vwilceau@ford.com"
"392";"38";"Tybie Moxon";"Female";"tmoxonav@generalelectric.com"
"393";"8";"Giustino Durante";"Male";"gduranteaw@toyota.com"
"394";"17";"Sheffield Arents";"Male";"sarentsax@cvshealth.com"
"395";"19";"Abagael Berks";"Female";"aberksay@foxconn.com"
"396";"39";"Dorelle Barracks";"Female";"dbarracksaz@fanniemae.com"
"397";"22";"Jesus Copins";"Male";"jcopinsb0@icbc.com"
"398";"7";"Iggie Mence";"Male";"imenceb1@volkswagen.com"
"399";"28";"Evyn Goodee";"Male";"egoodeeb2@costco.com"
"400";"38";"Baillie Ausello";"Male";"bausellob3@generalelectric.com"
"401";"30";"Silvan O'Kenny";"Male";"sokennyb4@cardinalhealth.com"
"402";"2";"Geordie Statton";"Male";"gstattonb5@sinopecgroup.com"
"403";"22";"Clarice Hark";"Female";"charkb6@icbc.com"
"404";"38";"Jori Turban";"Female";"jturbanb7@generalelectric.com"
"405";"13";"Mar Mussilli";"Male";"mmussillib8@samsungelectronics.com"
"406";"6";"Xena Adamo";"Female";"xadamob9@exxonmobil.com"
"407";"14";"Pooh Quinnette";"Male";"pquinnetteba@glencore.com"
"408";"15";"Cammie Telega";"Female";"ctelegabb@mckesson.com"
"409";"8";"Cybill Ludwell";"Female";"cludwellbc@toyota.com"
"410";"36";"Phebe Makiver";"Female";"pmakiverbd@axa.com"
"411";"18";"John Duddan";"Male";"jduddanbe@trafigura.com"
"412";"21";"Shela Umfrey";"Female";"sumfreybf@atnt.com"
"413";"14";"Ginnifer Gambrell";"Female";"ggambrellbg@glencore.com"
"414";"15";"Geordie Brucker";"Male";"gbruckerbh@mckesson.com"
"415";"29";"Leroi Struttman";"Male";"lstruttmanbi@alphabet.com"
"416";"40";"Otho Hymer";"Male";"ohymerbj@lukoil.com"
"417";"4";"Melba Ternouth";"Female";"mternouthbk@stategrid.com"
"418";"23";"Danie Rops";"Male";"dropsbl@chevron.com"
"419";"16";"Tabbatha D'Orsay";"Female";"tdorsaybm@daimler.com"
"420";"10";"Hally Prentice";"Female";"hprenticebn@berkshirehathaway.com"
"421";"21";"Wallis Emmer";"Male";"wemmerbo@atnt.com"
"422";"28";"Marne Juza";"Female";"mjuzabp@costco.com"
"423";"10";"Theodora Inold";"Female";"tinoldbq@berkshirehathaway.com"
"424";"12";"Jacki Blamphin";"Female";"jblamphinbr@unitedhealth.com"
"425";"22";"Fran Raitt";"Female";"fraittbs@icbc.com"
"426";"1";"Adriena Beart";"Female";"abeartbt@walmart.com"
"427";"29";"Thedrick Dominicacci";"Male";"tdominicaccibu@alphabet.com"
"428";"32";"Drusilla Kerne";"Female";"dkernebv@jpmorganchase.com"
"429";"14";"Syman Legat";"Male";"slegatbw@glencore.com"
"430";"10";"Nikaniki Evill";"Female";"nevillbx@berkshirehathaway.com"
"431";"18";"Inge Lintall";"Female";"ilintallby@trafigura.com"
"432";"4";"Forster Goman";"Male";"fgomanbz@stategrid.com"
"433";"32";"Garrot Musk";"Male";"gmuskc0@jpmorganchase.com"
"434";"22";"Gilburt Lidgertwood";"Male";"glidgertwoodc1@icbc.com"
"435";"18";"Jemmie Lynam";"Female";"jlynamc2@trafigura.com"
"436";"39";"Cara O'Hdirscoll";"Female";"cohdirscollc3@fanniemae.com"
"437";"18";"Hobard Moulding";"Male";"hmouldingc4@trafigura.com"
"438";"13";"Weider Mathes";"Male";"wmathesc5@samsungelectronics.com"
"439";"26";"Jaimie Leyden";"Male";"jleydenc6@mitsubishi.com"
"440";"9";"Conchita Kamen";"Female";"ckamenc7@apple.com"
"441";"2";"Jarad Wildblood";"Male";"jwildbloodc8@sinopecgroup.com"
"442";"32";"Katya Gabel";"Female";"kgabelc9@jpmorganchase.com"
"443";"10";"Davidson Zuanazzi";"Male";"dzuanazzica@berkshirehathaway.com"
"444";"28";"Daryl Richardet";"Female";"drichardetcb@costco.com"
"445";"16";"Aubine Pryce";"Female";"aprycecc@daimler.com"
"446";"23";"Stavro Kenset";"Male";"skensetcd@chevron.com"
"447";"19";"Elsworth Dudley";"Male";"edudleyce@foxconn.com"
"448";"37";"Chip Snape";"Male";"csnapecf@kroger.com"
"449";"8";"Muriel Guinan";"Female";"mguinancg@toyota.com"
"450";"14";"Jillana Perfitt";"Female";"jperfittch@glencore.com"
"451";"25";"Annemarie Jewks";"Female";"ajewksci@generalmotors.com"
"452";"38";"Gerrilee Digges";"Female";"gdiggescj@generalelectric.com"
"453";"1";"Abbie McFfaden";"Female";"amcffadenck@walmart.com"
"454";"6";"Carita Lynnett";"Female";"clynnettcl@exxonmobil.com"
"455";"17";"Celestia Clementson";"Female";"cclementsoncm@cvshealth.com"
"456";"33";"Claybourne Drover";"Male";"cdrovercn@gazprom.com"
"457";"18";"Alys Hens";"Female";"ahensco@trafigura.com"
"458";"17";"Meta Simmonite";"Female";"msimmonitecp@cvshealth.com"
"459";"28";"Kerr Trethowan";"Male";"ktrethowancq@costco.com"
"460";"39";"Carol-jean Joe";"Female";"cjoecr@fanniemae.com"
"461";"21";"Wiley Spanswick";"Male";"wspanswickcs@atnt.com"
"462";"31";"Olenka Brecknell";"Female";"obrecknellct@saicmotor.com"
"463";"26";"Babs Phelipeau";"Female";"bphelipeaucu@mitsubishi.com"
"464";"12";"Radcliffe Tomalin";"Male";"rtomalincv@unitedhealth.com"
"465";"28";"Van Lunck";"Female";"vlunckcw@costco.com"
"466";"15";"Fayth Roman";"Female";"fromancx@mckesson.com"
"467";"25";"Rebeka Roundtree";"Female";"rroundtreecy@generalmotors.com"
"468";"37";"Beau Calan";"Male";"bcalancz@kroger.com"
"469";"34";"Thaxter Bradbury";"Male";"tbradburyd0@verizon.com"
"470";"36";"Iorgo Brelsford";"Male";"ibrelsfordd1@axa.com"
"471";"19";"Wilmette Giacomello";"Female";"wgiacomellod2@foxconn.com"
"472";"33";"Maye Witherby";"Female";"mwitherbyd3@gazprom.com"
"473";"18";"Gloriana Okroy";"Female";"gokroyd4@trafigura.com"
"474";"38";"Heywood Tenpenny";"Male";"htenpennyd5@generalelectric.com"
"475";"38";"Worthington Durand";"Male";"wdurandd6@generalelectric.com"
"476";"28";"Rees Jodrellec";"Male";"rjodrellecd7@costco.com"
"477";"22";"Lidia Drummond";"Female";"ldrummondd8@icbc.com"
"478";"14";"Idaline McGebenay";"Female";"imcgebenayd9@glencore.com"
"479";"5";"Tanner Wylie";"Male";"twylieda@saudiaramco.com"
"480";"9";"Jeralee Stannislawski";"Female";"jstannislawskidb@apple.com"
"481";"22";"Wanda Mullinger";"Female";"wmullingerdc@icbc.com"
"482";"7";"Syman Peniman";"Male";"spenimandd@volkswagen.com"
"483";"12";"Berny Vasic";"Male";"bvasicde@unitedhealth.com"
"484";"18";"Noni Ballantyne";"Female";"nballantynedf@trafigura.com"
"485";"24";"Christophe Jonuzi";"Male";"cjonuzidg@ford.com"
"486";"18";"Kaitlyn Grinsted";"Female";"kgrinsteddh@trafigura.com"
"487";"10";"Marybeth Sogg";"Female";"msoggdi@berkshirehathaway.com"
"488";"29";"Mathilda Kleinholz";"Female";"mkleinholzdj@alphabet.com"
"489";"1";"Wilton Grono";"Male";"wgronodk@walmart.com"
"490";"30";"Anders O' Dornan";"Male";"aodl@cardinalhealth.com"
"491";"35";"Ethyl Gebby";"Female";"egebbydm@allianz.com"
"492";"3";"Daniella Willgress";"Female";"dwillgressdn@royaldutchshell.com"
"493";"39";"Talbot Matyashev";"Male";"tmatyashevdo@fanniemae.com"
"494";"8";"Olly Biford";"Female";"obiforddp@toyota.com"
"495";"3";"Chip Romayne";"Male";"cromaynedq@royaldutchshell.com"
"496";"27";"Gaylor O' Faherty";"Male";"godr@honda.com"
"497";"19";"Olvan Flowerden";"Male";"oflowerdends@foxconn.com"
"498";"31";"Berny Tomasicchio";"Female";"btomasicchiodt@saicmotor.com"
"499";"34";"Parrnell Luney";"Male";"pluneydu@verizon.com"
"500";"22";"Arabel Beckworth";"Female";"abeckworthdv@icbc.com"
